clip	duration[ms]
common_voice_as_32844750.mp3	4968
common_voice_as_32844089.mp3	3888
common_voice_as_32857836.mp3	6840
common_voice_as_32850526.mp3	5580
common_voice_as_32866342.mp3	5148
common_voice_as_32844673.mp3	6228
common_voice_as_24200966.mp3	5580
common_voice_as_22079782.mp3	5976
common_voice_as_32546523.mp3	4500
common_voice_as_32852583.mp3	7056
common_voice_as_21275751.mp3	1584
common_voice_as_32844798.mp3	7956
common_voice_as_22634812.mp3	4519
common_voice_as_32546393.mp3	3456
common_voice_as_32843630.mp3	5436
common_voice_as_24200125.mp3	6192
common_voice_as_32862387.mp3	5040
common_voice_as_22158658.mp3	4584
common_voice_as_32852586.mp3	5220
common_voice_as_32844779.mp3	5976
common_voice_as_32850959.mp3	7200
common_voice_as_32840924.mp3	5760
common_voice_as_32844081.mp3	4500
common_voice_as_32852755.mp3	8676
common_voice_as_25101284.mp3	5688
common_voice_as_22079304.mp3	3864
common_voice_as_32850400.mp3	4716
common_voice_as_25093407.mp3	4968
common_voice_as_32862124.mp3	4788
common_voice_as_32852675.mp3	5616
common_voice_as_22079293.mp3	4536
common_voice_as_32843692.mp3	4176
common_voice_as_32852607.mp3	6300
common_voice_as_32850392.mp3	6048
common_voice_as_32862115.mp3	4716
common_voice_as_32850525.mp3	3528
common_voice_as_22016207.mp3	7824
common_voice_as_27252115.mp3	6696
common_voice_as_32840969.mp3	3960
common_voice_as_32546199.mp3	4356
common_voice_as_32849979.mp3	5796
common_voice_as_32852687.mp3	7668
common_voice_as_32843339.mp3	4716
common_voice_as_32862232.mp3	8388
common_voice_as_32546394.mp3	7776
common_voice_as_28666012.mp3	6336
common_voice_as_22083707.mp3	5376
common_voice_as_22084005.mp3	7104
common_voice_as_32849985.mp3	4680
common_voice_as_32850579.mp3	7200
common_voice_as_32862354.mp3	5328
common_voice_as_32850074.mp3	8100
common_voice_as_25095837.mp3	6408
common_voice_as_32852837.mp3	5580
common_voice_as_23664187.mp3	4008
common_voice_as_22079672.mp3	5304
common_voice_as_22084294.mp3	4464
common_voice_as_32844863.mp3	6120
common_voice_as_26560633.mp3	7236
common_voice_as_32841014.mp3	3960
common_voice_as_23362106.mp3	4512
common_voice_as_32852629.mp3	8568
common_voice_as_32852789.mp3	5976
common_voice_as_32844744.mp3	8748
common_voice_as_31718655.mp3	6948
common_voice_as_24196222.mp3	2988
common_voice_as_32850065.mp3	5616
common_voice_as_32850493.mp3	5040
common_voice_as_24199145.mp3	3420
common_voice_as_32862338.mp3	6840
common_voice_as_32850428.mp3	5256
common_voice_as_32862307.mp3	5040
common_voice_as_22074931.mp3	8184
common_voice_as_25157251.mp3	4248
common_voice_as_22076838.mp3	4296
common_voice_as_32329208.mp3	4860
common_voice_as_25815165.mp3	4788
common_voice_as_32852933.mp3	4536
common_voice_as_22030174.mp3	6336
common_voice_as_32329205.mp3	4068
common_voice_as_22412906.mp3	6504
common_voice_as_32850264.mp3	5940
common_voice_as_24178217.mp3	7056
common_voice_as_32862243.mp3	4356
common_voice_as_32852609.mp3	7596
common_voice_as_32546241.mp3	6336
common_voice_as_32844073.mp3	5328
common_voice_as_32850237.mp3	6768
common_voice_as_32869219.mp3	7560
common_voice_as_32844025.mp3	5040
common_voice_as_32850550.mp3	5328
common_voice_as_22158047.mp3	3216
common_voice_as_22157954.mp3	4584
common_voice_as_32850374.mp3	7128
common_voice_as_24197603.mp3	3240
common_voice_as_32840983.mp3	7020
common_voice_as_24198559.mp3	5040
common_voice_as_32850111.mp3	8928
common_voice_as_32869241.mp3	3888
common_voice_as_24197582.mp3	6372
common_voice_as_32850412.mp3	8280
common_voice_as_32546217.mp3	7020
common_voice_as_24178139.mp3	4608
common_voice_as_22015998.mp3	8664
common_voice_as_22015996.mp3	6624
common_voice_as_32866346.mp3	8676
common_voice_as_22084107.mp3	7104
common_voice_as_32844203.mp3	4536
common_voice_as_27206513.mp3	5652
common_voice_as_22083886.mp3	5856
common_voice_as_32546118.mp3	5580
common_voice_as_22152325.mp3	6216
common_voice_as_32852797.mp3	9036
common_voice_as_32852788.mp3	5040
common_voice_as_32843843.mp3	3816
common_voice_as_31690366.mp3	6300
common_voice_as_24196686.mp3	6156
common_voice_as_32862141.mp3	8640
common_voice_as_22158059.mp3	5136
common_voice_as_32844189.mp3	3528
common_voice_as_22084549.mp3	5376
common_voice_as_32850557.mp3	9396
common_voice_as_32844868.mp3	4968
common_voice_as_28666022.mp3	3780
common_voice_as_22191566.mp3	4656
common_voice_as_28666015.mp3	5940
common_voice_as_32844119.mp3	3456
common_voice_as_32862297.mp3	7956
common_voice_as_24198546.mp3	4716
common_voice_as_32869454.mp3	3996
common_voice_as_22412922.mp3	4584
common_voice_as_24196692.mp3	3312
common_voice_as_32862065.mp3	6480
common_voice_as_24178221.mp3	4356
common_voice_as_32850542.mp3	4356
common_voice_as_22075517.mp3	4584
common_voice_as_32850562.mp3	4176
common_voice_as_22075388.mp3	6096
common_voice_as_25101265.mp3	4608
common_voice_as_32850121.mp3	6048
common_voice_as_22152525.mp3	4704
common_voice_as_32843530.mp3	7236
common_voice_as_32850539.mp3	5688
common_voice_as_32850041.mp3	4500
common_voice_as_22157939.mp3	5184
common_voice_as_22015999.mp3	4416
common_voice_as_21275739.mp3	1776
common_voice_as_22085169.mp3	6384
common_voice_as_25126344.mp3	4680
common_voice_as_31496894.mp3	3456
common_voice_as_25078523.mp3	6408
common_voice_as_22074939.mp3	4176
common_voice_as_22192915.mp3	4488
common_voice_as_26560634.mp3	9036
common_voice_as_32862390.mp3	5580
common_voice_as_32850082.mp3	5976
common_voice_as_22083659.mp3	5664
common_voice_as_24195242.mp3	6516
common_voice_as_32850068.mp3	6408
common_voice_as_22634950.mp3	2324
common_voice_as_32862239.mp3	7020
common_voice_as_32849990.mp3	4716
common_voice_as_25093442.mp3	5256
common_voice_as_32850424.mp3	7488
common_voice_as_32844306.mp3	5868
common_voice_as_32852608.mp3	6840
common_voice_as_22634736.mp3	5590
common_voice_as_22152320.mp3	4944
common_voice_as_24197615.mp3	4176
common_voice_as_22030928.mp3	6144
common_voice_as_32850427.mp3	4860
common_voice_as_24201136.mp3	6408
common_voice_as_32852628.mp3	9360
common_voice_as_32852668.mp3	5868
common_voice_as_32850378.mp3	4068
common_voice_as_27196857.mp3	4932
common_voice_as_32850407.mp3	3600
common_voice_as_32850401.mp3	5328
common_voice_as_33313039.mp3	6336
common_voice_as_22635106.mp3	4937
common_voice_as_32844060.mp3	7560
common_voice_as_20878108.mp3	7344
common_voice_as_22158647.mp3	5304
common_voice_as_32844026.mp3	7560
common_voice_as_32844070.mp3	8316
common_voice_as_24196946.mp3	5796
common_voice_as_22080424.mp3	7176
common_voice_as_23362093.mp3	7560
common_voice_as_32546286.mp3	6228
common_voice_as_22155208.mp3	4128
common_voice_as_32850554.mp3	5580
common_voice_as_24178122.mp3	4356
common_voice_as_32862267.mp3	4536
common_voice_as_32862378.mp3	5868
common_voice_as_22080070.mp3	5184
common_voice_as_27206490.mp3	6516
common_voice_as_32869375.mp3	6768
common_voice_as_32850063.mp3	7020
common_voice_as_24007858.mp3	5688
common_voice_as_25109722.mp3	3888
common_voice_as_32850038.mp3	5796
common_voice_as_32862134.mp3	4716
common_voice_as_22074989.mp3	3624
common_voice_as_24178061.mp3	4716
common_voice_as_32862089.mp3	4356
common_voice_as_32850483.mp3	4968
common_voice_as_32850399.mp3	3816
common_voice_as_22084545.mp3	4176
common_voice_as_32546466.mp3	8820
common_voice_as_24178167.mp3	6588
common_voice_as_22079585.mp3	4536
common_voice_as_32852669.mp3	9576
common_voice_as_32843842.mp3	4428
common_voice_as_24178209.mp3	2628
common_voice_as_25101311.mp3	5040
common_voice_as_32546419.mp3	5688
common_voice_as_24199950.mp3	4500
common_voice_as_25114506.mp3	6048
common_voice_as_32862121.mp3	5688
common_voice_as_22030514.mp3	6336
common_voice_as_25101288.mp3	4140
common_voice_as_22192920.mp3	3864
common_voice_as_25375265.mp3	5292
common_voice_as_32862129.mp3	6480
common_voice_as_24198715.mp3	3816
common_voice_as_32546271.mp3	6300
common_voice_as_22155669.mp3	4584
common_voice_as_23362094.mp3	5304
common_voice_as_32850409.mp3	8568
common_voice_as_32862116.mp3	6516
common_voice_as_22083769.mp3	4416
common_voice_as_32850438.mp3	5040
common_voice_as_32852536.mp3	5400
common_voice_as_32862298.mp3	5796
common_voice_as_32852854.mp3	8460
common_voice_as_22157855.mp3	6384
common_voice_as_22075210.mp3	3864
common_voice_as_22030649.mp3	6624
common_voice_as_32850421.mp3	6336
common_voice_as_22030939.mp3	5856
common_voice_as_32546277.mp3	5148
common_voice_as_24178149.mp3	7020
common_voice_as_32862337.mp3	7380
common_voice_as_32852796.mp3	7236
common_voice_as_24178205.mp3	6300
common_voice_as_32850184.mp3	8316
common_voice_as_22079956.mp3	5064
common_voice_as_32850457.mp3	4248
common_voice_as_32850049.mp3	6408
common_voice_as_22155983.mp3	5352
common_voice_as_32546122.mp3	7236
common_voice_as_22080243.mp3	4896
common_voice_as_24197155.mp3	5724
common_voice_as_32844128.mp3	8856
common_voice_as_32546483.mp3	5976
common_voice_as_32844674.mp3	4428
common_voice_as_32852560.mp3	6696
common_voice_as_32844033.mp3	8388
common_voice_as_22079579.mp3	4824
common_voice_as_22016343.mp3	5424
common_voice_as_32844061.mp3	7560
common_voice_as_22077297.mp3	6936
common_voice_as_25078485.mp3	6660
common_voice_as_32850524.mp3	4788
common_voice_as_32850380.mp3	6408
common_voice_as_32850561.mp3	5436
common_voice_as_32849966.mp3	5508
common_voice_as_32850018.mp3	4968
common_voice_as_32850480.mp3	7308
common_voice_as_32840993.mp3	4428
common_voice_as_22084180.mp3	3864
common_voice_as_32844851.mp3	4248
common_voice_as_35924720.mp3	8208
common_voice_as_32850517.mp3	4608
common_voice_as_24196960.mp3	6300
common_voice_as_24196066.mp3	4824
common_voice_as_32844192.mp3	6480
common_voice_as_22158863.mp3	3144
common_voice_as_32546360.mp3	5148
common_voice_as_22079062.mp3	7824
common_voice_as_22635089.mp3	3448
common_voice_as_22155221.mp3	6024
common_voice_as_32852818.mp3	5940
common_voice_as_32850031.mp3	6336
common_voice_as_22634964.mp3	4205
common_voice_as_22084548.mp3	3936
common_voice_as_32862306.mp3	3780
common_voice_as_32546198.mp3	4788
common_voice_as_32844562.mp3	6048
common_voice_as_27196855.mp3	8532
common_voice_as_22155224.mp3	3696
common_voice_as_22016002.mp3	5304
common_voice_as_32840967.mp3	5616
common_voice_as_32850494.mp3	4680
common_voice_as_32862241.mp3	6408
common_voice_as_32850077.mp3	5760
common_voice_as_22080069.mp3	4056
common_voice_as_20878095.mp3	3864
common_voice_as_24178063.mp3	3276
common_voice_as_32862142.mp3	3960
common_voice_as_32844505.mp3	3888
common_voice_as_32844246.mp3	8208
common_voice_as_22079667.mp3	3816
common_voice_as_32862321.mp3	5616
common_voice_as_32844864.mp3	4536
common_voice_as_21275753.mp3	1584
common_voice_as_22152575.mp3	4824
common_voice_as_32852780.mp3	5868
common_voice_as_22192898.mp3	4608
common_voice_as_25157258.mp3	4320
common_voice_as_22084546.mp3	4104
common_voice_as_32852953.mp3	6660
common_voice_as_24178104.mp3	5688
common_voice_as_22081151.mp3	4176
common_voice_as_32546319.mp3	6156
common_voice_as_32852782.mp3	6840
common_voice_as_32546495.mp3	8496
common_voice_as_32850565.mp3	5688
common_voice_as_32850211.mp3	4428
common_voice_as_24178087.mp3	7308
common_voice_as_32869432.mp3	9576
common_voice_as_22634793.mp3	4440
common_voice_as_22152481.mp3	4104
common_voice_as_23362099.mp3	5520
common_voice_as_24178199.mp3	5760
common_voice_as_24914453.mp3	5256
common_voice_as_24178194.mp3	3960
common_voice_as_32850039.mp3	7200
common_voice_as_22077418.mp3	6744
common_voice_as_23362095.mp3	4896
common_voice_as_22075080.mp3	4584
common_voice_as_21650231.mp3	7344
common_voice_as_25095790.mp3	9360
common_voice_as_32869198.mp3	8856
common_voice_as_32850426.mp3	4788
common_voice_as_32844460.mp3	3348
common_voice_as_32844869.mp3	6156
common_voice_as_32862157.mp3	7308
common_voice_as_32862088.mp3	6768
common_voice_as_32844169.mp3	4068
common_voice_as_20878099.mp3	5304
common_voice_as_32850396.mp3	3240
common_voice_as_32869399.mp3	4680
common_voice_as_22152602.mp3	6456
common_voice_as_23362112.mp3	7320
common_voice_as_32852853.mp3	6768
common_voice_as_32869381.mp3	4356
common_voice_as_28666010.mp3	9540
common_voice_as_25078534.mp3	5256
common_voice_as_32850559.mp3	5868
common_voice_as_22075095.mp3	3624
common_voice_as_22084103.mp3	6264
common_voice_as_22152178.mp3	5064
common_voice_as_32852533.mp3	10116
common_voice_as_22078864.mp3	6264
common_voice_as_32850555.mp3	7848
common_voice_as_32850501.mp3	7488
common_voice_as_23362097.mp3	5256
common_voice_as_32850448.mp3	4896
common_voice_as_32862127.mp3	6120
common_voice_as_32844883.mp3	5400
common_voice_as_22635155.mp3	3134
common_voice_as_24196701.mp3	4752
common_voice_as_22085171.mp3	4344
common_voice_as_22084184.mp3	3576
common_voice_as_22152247.mp3	6264
common_voice_as_32850536.mp3	3816
common_voice_as_35924719.mp3	7380
common_voice_as_24178095.mp3	4860
common_voice_as_32844794.mp3	7200
common_voice_as_22077145.mp3	3024
common_voice_as_22079742.mp3	6024
common_voice_as_22412926.mp3	6264
common_voice_as_32843338.mp3	6840
common_voice_as_32852863.mp3	8028
common_voice_as_32843752.mp3	4320
common_voice_as_32546285.mp3	4896
common_voice_as_32852557.mp3	4608
common_voice_as_32843717.mp3	3456
common_voice_as_24178196.mp3	7416
common_voice_as_32850411.mp3	4968
common_voice_as_32849993.mp3	7596
common_voice_as_24200696.mp3	3204
common_voice_as_22085174.mp3	8496
common_voice_as_32850528.mp3	6588
common_voice_as_32850503.mp3	6300
common_voice_as_22412905.mp3	4176
common_voice_as_25117631.mp3	6660
common_voice_as_22076579.mp3	5304
common_voice_as_22155932.mp3	6144
common_voice_as_24178101.mp3	6480
common_voice_as_32850245.mp3	7740
common_voice_as_32843464.mp3	4140
common_voice_as_25115209.mp3	8748
common_voice_as_32546302.mp3	5868
common_voice_as_22084002.mp3	5736
common_voice_as_32841053.mp3	5256
common_voice_as_27196944.mp3	4932
common_voice_as_32850458.mp3	4320
common_voice_as_24142706.mp3	4860
common_voice_as_32850570.mp3	4140
common_voice_as_23362114.mp3	4608
common_voice_as_22155913.mp3	5160
common_voice_as_32843638.mp3	5256
common_voice_as_32862389.mp3	4860
common_voice_as_32852902.mp3	5508
common_voice_as_32844400.mp3	4608
common_voice_as_32844751.mp3	4788
common_voice_as_24178126.mp3	3816
common_voice_as_22076589.mp3	6264
common_voice_as_22158104.mp3	6624
common_voice_as_24201142.mp3	5436
common_voice_as_24196474.mp3	3960
common_voice_as_24178204.mp3	7056
common_voice_as_32843520.mp3	6300
common_voice_as_22084062.mp3	5616
common_voice_as_21275740.mp3	1536
common_voice_as_32852552.mp3	8388
common_voice_as_27196945.mp3	5472
common_voice_as_25078527.mp3	5328
common_voice_as_32869425.mp3	5868
common_voice_as_32869287.mp3	8280
common_voice_as_22075208.mp3	7416
common_voice_as_22030657.mp3	8184
common_voice_as_24914451.mp3	6408
common_voice_as_32852784.mp3	7956
common_voice_as_32844881.mp3	7308
common_voice_as_32862322.mp3	4356
common_voice_as_22158068.mp3	6504
common_voice_as_24178228.mp3	3060
common_voice_as_24200691.mp3	4644
common_voice_as_25095840.mp3	9216
common_voice_as_25078489.mp3	6228
common_voice_as_32850422.mp3	6840
common_voice_as_24199954.mp3	3348
common_voice_as_27196946.mp3	8172
common_voice_as_24200685.mp3	3492
common_voice_as_25115195.mp3	5652
common_voice_as_32852651.mp3	4680
common_voice_as_32850059.mp3	6336
common_voice_as_32850075.mp3	7740
common_voice_as_32852919.mp3	4788
common_voice_as_32869457.mp3	4860
common_voice_as_32852713.mp3	5940
common_voice_as_22080314.mp3	6024
common_voice_as_32850425.mp3	6336
common_voice_as_25095836.mp3	5976
common_voice_as_22157843.mp3	3144
common_voice_as_32850390.mp3	5796
common_voice_as_32850541.mp3	4608
common_voice_as_32850148.mp3	9720
common_voice_as_32844193.mp3	4248
common_voice_as_32844792.mp3	5760
common_voice_as_22076952.mp3	4224
common_voice_as_22030167.mp3	6024
common_voice_as_22077287.mp3	5256
common_voice_as_28666024.mp3	3240
common_voice_as_32546214.mp3	5436
common_voice_as_31690261.mp3	5076
common_voice_as_32840968.mp3	7128
common_voice_as_32852684.mp3	6948
common_voice_as_32843143.mp3	5400
common_voice_as_32844507.mp3	5148
common_voice_as_22157944.mp3	6096
common_voice_as_32852523.mp3	9108
common_voice_as_32546320.mp3	7560
common_voice_as_22152244.mp3	5544
common_voice_as_22074926.mp3	2424
common_voice_as_32841085.mp3	7596
common_voice_as_32844080.mp3	7020
common_voice_as_25101233.mp3	5076
common_voice_as_32869313.mp3	8640
common_voice_as_25078488.mp3	2916
common_voice_as_32862329.mp3	5076
common_voice_as_20878109.mp3	7176
common_voice_as_24178236.mp3	9108
common_voice_as_24200026.mp3	4392
common_voice_as_22713113.mp3	6864
common_voice_as_32850051.mp3	7020
common_voice_as_23362116.mp3	9240
common_voice_as_32862117.mp3	5040
common_voice_as_32850036.mp3	4788
common_voice_as_22016205.mp3	3456
common_voice_as_22084185.mp3	7536
common_voice_as_32862352.mp3	8496
common_voice_as_24196214.mp3	4104
common_voice_as_32843795.mp3	4608
common_voice_as_22080517.mp3	4536
common_voice_as_32843586.mp3	7740
common_voice_as_32852932.mp3	4536
common_voice_as_32862130.mp3	6696
common_voice_as_23362098.mp3	4224
common_voice_as_32850546.mp3	7416
common_voice_as_32862138.mp3	7668
common_voice_as_32850120.mp3	7416
common_voice_as_32850419.mp3	4716
common_voice_as_32843922.mp3	6948
common_voice_as_22084106.mp3	4704
common_voice_as_32869383.mp3	4788
common_voice_as_32862080.mp3	6048
common_voice_as_22155283.mp3	3600
common_voice_as_32546333.mp3	5688
common_voice_as_32862266.mp3	7668
common_voice_as_32852909.mp3	6120
common_voice_as_23362096.mp3	5544
common_voice_as_22030355.mp3	6864
common_voice_as_32852772.mp3	5508
common_voice_as_25078535.mp3	5508
common_voice_as_32843694.mp3	2916
common_voice_as_32850464.mp3	7236
common_voice_as_23362101.mp3	7848
common_voice_as_23362122.mp3	7800
common_voice_as_20870774.mp3	3384
common_voice_as_32546213.mp3	3816
common_voice_as_32862331.mp3	5220
common_voice_as_22157957.mp3	8544
common_voice_as_22079666.mp3	5976
common_voice_as_25093389.mp3	3096
common_voice_as_32850576.mp3	6300
common_voice_as_32850556.mp3	4716
common_voice_as_32546301.mp3	3060
common_voice_as_22084217.mp3	5976
common_voice_as_22084105.mp3	5136
common_voice_as_32869374.mp3	3888
common_voice_as_32843718.mp3	8640
common_voice_as_22074896.mp3	9384
common_voice_as_22713114.mp3	4056
common_voice_as_22713174.mp3	6984
common_voice_as_32862102.mp3	5868
common_voice_as_22083706.mp3	3744
common_voice_as_24178182.mp3	4140
common_voice_as_24178189.mp3	4608
common_voice_as_32866349.mp3	6516
common_voice_as_32869189.mp3	5400
common_voice_as_32840880.mp3	5796
common_voice_as_22074985.mp3	5304
common_voice_as_24200970.mp3	3744
common_voice_as_22080065.mp3	7296
common_voice_as_24914452.mp3	7200
common_voice_as_32850537.mp3	4968
common_voice_as_22075087.mp3	4656
common_voice_as_32850418.mp3	4248
common_voice_as_32546385.mp3	5076
common_voice_as_32869147.mp3	7776
common_voice_as_32850000.mp3	4428
common_voice_as_32850580.mp3	4140
common_voice_as_24178138.mp3	4968
common_voice_as_24178185.mp3	6156
common_voice_as_32850083.mp3	3996
common_voice_as_22075203.mp3	5664
common_voice_as_32852785.mp3	8928
common_voice_as_32844127.mp3	6408
common_voice_as_28665818.mp3	5868
common_voice_as_22152402.mp3	4944
common_voice_as_32850534.mp3	3600
common_voice_as_25101262.mp3	5256
common_voice_as_32850373.mp3	8280
common_voice_as_22084218.mp3	4104
common_voice_as_32852864.mp3	5868
common_voice_as_32850160.mp3	7308
common_voice_as_24199959.mp3	3348
common_voice_as_22083655.mp3	5304
common_voice_as_22030651.mp3	8184
common_voice_as_24200210.mp3	4284
common_voice_as_32546200.mp3	8748
common_voice_as_25095789.mp3	6408
common_voice_as_24178106.mp3	7596
common_voice_as_22155906.mp3	5616
common_voice_as_32862204.mp3	7056
common_voice_as_22077291.mp3	4584
common_voice_as_22077045.mp3	6456
common_voice_as_32849981.mp3	6588
common_voice_as_32850070.mp3	4536
common_voice_as_32850379.mp3	5040
common_voice_as_22155939.mp3	5088
common_voice_as_32841011.mp3	4320
common_voice_as_22152248.mp3	3696
common_voice_as_22158784.mp3	7296
common_voice_as_22152593.mp3	4536
common_voice_as_32546299.mp3	2700
common_voice_as_25093390.mp3	8028
common_voice_as_22155278.mp3	5064
common_voice_as_23362110.mp3	7152
common_voice_as_22074941.mp3	5016
common_voice_as_32850512.mp3	6516
common_voice_as_32546463.mp3	5256
common_voice_as_25117502.mp3	7776
common_voice_as_32546421.mp3	5688
common_voice_as_32852522.mp3	5796
common_voice_as_32849997.mp3	4500
common_voice_as_32862122.mp3	5508
common_voice_as_22084060.mp3	5424
common_voice_as_32546462.mp3	3816
common_voice_as_32850386.mp3	6048
common_voice_as_32840878.mp3	4788
common_voice_as_32852893.mp3	8496
common_voice_as_24178108.mp3	5940
common_voice_as_32546204.mp3	7740
common_voice_as_24199865.mp3	4392
common_voice_as_24178193.mp3	5688
common_voice_as_24196226.mp3	5940
common_voice_as_22074990.mp3	5904
common_voice_as_32869288.mp3	4896
common_voice_as_24178161.mp3	6768
common_voice_as_24178208.mp3	3276
common_voice_as_32866348.mp3	5040
common_voice_as_32546321.mp3	3060
common_voice_as_22075101.mp3	5184
common_voice_as_24178231.mp3	7236
common_voice_as_32843754.mp3	6300
common_voice_as_25101264.mp3	7416
common_voice_as_24178232.mp3	3240
common_voice_as_32869455.mp3	3996
common_voice_as_32852762.mp3	8388
common_voice_as_24195227.mp3	6624
common_voice_as_22076939.mp3	4536
common_voice_as_32862376.mp3	3960
common_voice_as_24197595.mp3	4752
common_voice_as_32862184.mp3	7020
common_voice_as_32850145.mp3	6516
common_voice_as_32852877.mp3	4716
common_voice_as_32850214.mp3	6228
common_voice_as_32546284.mp3	4428
common_voice_as_32850479.mp3	8208
common_voice_as_25111102.mp3	6588
common_voice_as_22079581.mp3	4536
common_voice_as_32852915.mp3	5220
common_voice_as_27386872.mp3	6552
common_voice_as_22080067.mp3	5064
common_voice_as_22076845.mp3	6696
common_voice_as_32850455.mp3	8568
common_voice_as_24178159.mp3	9216
common_voice_as_22158800.mp3	5136
common_voice_as_32862159.mp3	5760
common_voice_as_32862128.mp3	4140
common_voice_as_32862136.mp3	4140
common_voice_as_25109723.mp3	4896
common_voice_as_24200334.mp3	4248
common_voice_as_32852672.mp3	5796
common_voice_as_32852584.mp3	8568
common_voice_as_22157876.mp3	3864
common_voice_as_32850089.mp3	6876
common_voice_as_32849980.mp3	4140
common_voice_as_32844172.mp3	5436
common_voice_as_32546206.mp3	6588
common_voice_as_22075387.mp3	4104
common_voice_as_32850054.mp3	9756
common_voice_as_32852748.mp3	5436
common_voice_as_22158662.mp3	4656
common_voice_as_32869295.mp3	4140
common_voice_as_32546275.mp3	5220
common_voice_as_32850504.mp3	8820
common_voice_as_32850024.mp3	4716
common_voice_as_24178168.mp3	3816
common_voice_as_32546515.mp3	6156
common_voice_as_22713180.mp3	4536
common_voice_as_32862364.mp3	4536
common_voice_as_22075512.mp3	5256
common_voice_as_25101229.mp3	6300
common_voice_as_24007860.mp3	4644
common_voice_as_32852631.mp3	6336
common_voice_as_22634952.mp3	4414
common_voice_as_32546364.mp3	6696
common_voice_as_32862064.mp3	4860
common_voice_as_32840923.mp3	3996
common_voice_as_22157896.mp3	4104
common_voice_as_32843955.mp3	6840
common_voice_as_32843261.mp3	9468
common_voice_as_32850062.mp3	6480
common_voice_as_32843276.mp3	5760
common_voice_as_32844245.mp3	4968
common_voice_as_32843150.mp3	9756
common_voice_as_25078524.mp3	5940
common_voice_as_32843696.mp3	7956
common_voice_as_32849995.mp3	4680
common_voice_as_22152172.mp3	5784
common_voice_as_32844885.mp3	8568
common_voice_as_32849984.mp3	4680
common_voice_as_25126345.mp3	7308
common_voice_as_22079741.mp3	5376
common_voice_as_25111101.mp3	6768
common_voice_as_32862265.mp3	6120
common_voice_as_22083657.mp3	3696
common_voice_as_32546197.mp3	7668
common_voice_as_32546238.mp3	5796
common_voice_as_20870771.mp3	5424
common_voice_as_32546381.mp3	5436
common_voice_as_22187006.mp3	8184
common_voice_as_22152647.mp3	3144
common_voice_as_32862328.mp3	4536
common_voice_as_24178186.mp3	4536
common_voice_as_32850058.mp3	5148
common_voice_as_22075084.mp3	6936
common_voice_as_32844069.mp3	5256
common_voice_as_24178158.mp3	4716
common_voice_as_32840970.mp3	4428
common_voice_as_22158078.mp3	4704
common_voice_as_22152573.mp3	4464
common_voice_as_22077053.mp3	4824
common_voice_as_23598593.mp3	4344
common_voice_as_25101282.mp3	4500
common_voice_as_32844831.mp3	4140
common_voice_as_32850122.mp3	9828
common_voice_as_22075515.mp3	3936
common_voice_as_24198278.mp3	5472
common_voice_as_24195231.mp3	4608
common_voice_as_27386876.mp3	6192
common_voice_as_23362119.mp3	8064
common_voice_as_25101243.mp3	4788
common_voice_as_22084007.mp3	6504
common_voice_as_32869221.mp3	4248
common_voice_as_32850066.mp3	9468
common_voice_as_32852861.mp3	7668
common_voice_as_22079785.mp3	3864
common_voice_as_32843345.mp3	9180
common_voice_as_20878107.mp3	5376
common_voice_as_32546359.mp3	5400
common_voice_as_24178065.mp3	3600
common_voice_as_22079831.mp3	3816
common_voice_as_24200204.mp3	3708
common_voice_as_24199869.mp3	3384
common_voice_as_32844126.mp3	4176
common_voice_as_24197165.mp3	3672
common_voice_as_24197609.mp3	6912
common_voice_as_25093440.mp3	5328
common_voice_as_22634699.mp3	4257
common_voice_as_32852816.mp3	10116
common_voice_as_25078525.mp3	5328
common_voice_as_22635080.mp3	5720
common_voice_as_24178198.mp3	2808
common_voice_as_32869314.mp3	7668
common_voice_as_23362104.mp3	7656
common_voice_as_32546322.mp3	5580
common_voice_as_22157948.mp3	4176
common_voice_as_32852741.mp3	6660
common_voice_as_32546203.mp3	4680
common_voice_as_22079308.mp3	3696
common_voice_as_25078486.mp3	2700
common_voice_as_32869389.mp3	3348
common_voice_as_32546453.mp3	6300
common_voice_as_22077062.mp3	4464
common_voice_as_24178103.mp3	5580
common_voice_as_22081254.mp3	6336
common_voice_as_22412924.mp3	4464
common_voice_as_28666020.mp3	5508
common_voice_as_24178160.mp3	4788
common_voice_as_22015895.mp3	4656
common_voice_as_32546164.mp3	5760
common_voice_as_25093383.mp3	9180
common_voice_as_32850262.mp3	6048
common_voice_as_22077142.mp3	3264
common_voice_as_32546236.mp3	5220
common_voice_as_22191562.mp3	4104
common_voice_as_32849976.mp3	6660
common_voice_as_22412904.mp3	8424
common_voice_as_25093439.mp3	9036
common_voice_as_24178173.mp3	5040
common_voice_as_32850553.mp3	4896
common_voice_as_32844832.mp3	4788
common_voice_as_32850265.mp3	4716
common_voice_as_22030178.mp3	3864
common_voice_as_24225670.mp3	4356
common_voice_as_32841046.mp3	5688
common_voice_as_32852553.mp3	7488
common_voice_as_32546383.mp3	5076
common_voice_as_22081027.mp3	6264
common_voice_as_22157849.mp3	5904
common_voice_as_22157908.mp3	4584
common_voice_as_24178157.mp3	6120
common_voice_as_32849968.mp3	7488
common_voice_as_22075211.mp3	4896
common_voice_as_26560637.mp3	6912
common_voice_as_32840876.mp3	7740
common_voice_as_32850924.mp3	5328
common_voice_as_32862101.mp3	4536
common_voice_as_32840995.mp3	4680
common_voice_as_32852685.mp3	7488
common_voice_as_22245310.mp3	4704
common_voice_as_32843751.mp3	3960
common_voice_as_32862104.mp3	6048
common_voice_as_32862233.mp3	6048
common_voice_as_32841048.mp3	4860
common_voice_as_32866355.mp3	4536
common_voice_as_24199126.mp3	3816
common_voice_as_22083705.mp3	6096
common_voice_as_31496886.mp3	3816
common_voice_as_32546433.mp3	3636
common_voice_as_22152181.mp3	5856
common_voice_as_32869244.mp3	5940
common_voice_as_21275752.mp3	1824
common_voice_as_25081969.mp3	6048
common_voice_as_32869150.mp3	8208
common_voice_as_32546392.mp3	6408
common_voice_as_32546496.mp3	5328
common_voice_as_22079743.mp3	3744
common_voice_as_21275755.mp3	1656
common_voice_as_32852524.mp3	5328
common_voice_as_24178082.mp3	5256
common_voice_as_32869424.mp3	8208
common_voice_as_32852852.mp3	6660
common_voice_as_25093404.mp3	3816
common_voice_as_32849999.mp3	4680
common_voice_as_32850114.mp3	3960
common_voice_as_20878105.mp3	7416
common_voice_as_32844244.mp3	5436
common_voice_as_32862240.mp3	5256
common_voice_as_32546216.mp3	3780
common_voice_as_32852890.mp3	5580
common_voice_as_24200032.mp3	6372
common_voice_as_31496895.mp3	5400
common_voice_as_22152321.mp3	4224
common_voice_as_22079046.mp3	4224
common_voice_as_27206515.mp3	8244
common_voice_as_22080434.mp3	5496
common_voice_as_32869372.mp3	6048
common_voice_as_24178211.mp3	4536
common_voice_as_25101286.mp3	2988
common_voice_as_22245262.mp3	6984
common_voice_as_22077149.mp3	4944
common_voice_as_32850310.mp3	8496
common_voice_as_25093387.mp3	4500
common_voice_as_24178195.mp3	6300
common_voice_as_24196942.mp3	4644
common_voice_as_32862381.mp3	5976
common_voice_as_24198569.mp3	5832
common_voice_as_22077280.mp3	7296
common_voice_as_22078853.mp3	5184
common_voice_as_32850064.mp3	5868
common_voice_as_32850513.mp3	8496
common_voice_as_22083658.mp3	4056
common_voice_as_25101317.mp3	4788
common_voice_as_22152588.mp3	6336
common_voice_as_24178124.mp3	4320
common_voice_as_24200133.mp3	4644
common_voice_as_32866352.mp3	4500
common_voice_as_24178169.mp3	3636
common_voice_as_25093403.mp3	4356
common_voice_as_22412907.mp3	5496
common_voice_as_32844456.mp3	6048
common_voice_as_25093385.mp3	6120
common_voice_as_32850436.mp3	7776
common_voice_as_24178102.mp3	3780
common_voice_as_31496893.mp3	5616
common_voice_as_32866341.mp3	5436
common_voice_as_32840925.mp3	4068
common_voice_as_22078876.mp3	4656
common_voice_as_32862071.mp3	5688
common_voice_as_32843526.mp3	10080
common_voice_as_32862242.mp3	7416
common_voice_as_32852743.mp3	7560
common_voice_as_32862230.mp3	6408
common_voice_as_25115202.mp3	4536
common_voice_as_32852756.mp3	8388
common_voice_as_32862379.mp3	5076
common_voice_as_24196220.mp3	3132
common_voice_as_32852798.mp3	10296
common_voice_as_32850147.mp3	5688
common_voice_as_24200030.mp3	2736
common_voice_as_32850466.mp3	5508
common_voice_as_22244935.mp3	4584
common_voice_as_32852535.mp3	5760
common_voice_as_32852931.mp3	8856
common_voice_as_22244948.mp3	3936
common_voice_as_32546435.mp3	4860
common_voice_as_32850563.mp3	5688
common_voice_as_22081146.mp3	5064
common_voice_as_32850922.mp3	5616
common_voice_as_22074942.mp3	5544
common_voice_as_24178219.mp3	4716
common_voice_as_22084055.mp3	3336
common_voice_as_32850544.mp3	8028
common_voice_as_32852744.mp3	6588
common_voice_as_32546514.mp3	3996
common_voice_as_32843744.mp3	8856
common_voice_as_32546242.mp3	5580
common_voice_as_32862100.mp3	4968
common_voice_as_32844615.mp3	6336
common_voice_as_21275756.mp3	1824
common_voice_as_22152186.mp3	5616
common_voice_as_32850345.mp3	6300
common_voice_as_32844833.mp3	6120
common_voice_as_32546369.mp3	6588
common_voice_as_25078526.mp3	6516
common_voice_as_32852876.mp3	7848
common_voice_as_24178203.mp3	5976
common_voice_as_32852901.mp3	9576
common_voice_as_32852787.mp3	7416
common_voice_as_22080242.mp3	4704
common_voice_as_32852900.mp3	5400
common_voice_as_22080315.mp3	8376
common_voice_as_24196476.mp3	4572
common_voice_as_32546231.mp3	6120
common_voice_as_32850306.mp3	8568
common_voice_as_32844666.mp3	8316
common_voice_as_32852711.mp3	7560
common_voice_as_32869148.mp3	6696
common_voice_as_32850445.mp3	5868
common_voice_as_32852708.mp3	5940
common_voice_as_21808342.mp3	6216
common_voice_as_24200683.mp3	3780
common_voice_as_28666019.mp3	5328
common_voice_as_26560636.mp3	7164
common_voice_as_24178084.mp3	6696
common_voice_as_32852740.mp3	4500
common_voice_as_25110107.mp3	4176
common_voice_as_32869220.mp3	5436
common_voice_as_32862103.mp3	4536
common_voice_as_22084298.mp3	3984
common_voice_as_24199862.mp3	2232
common_voice_as_24199140.mp3	7164
common_voice_as_32850564.mp3	4788
common_voice_as_32841099.mp3	4896
common_voice_as_24178227.mp3	4968
common_voice_as_32850572.mp3	5256
common_voice_as_32862295.mp3	3600
common_voice_as_32546417.mp3	3996
common_voice_as_32850485.mp3	3996
common_voice_as_32546513.mp3	3888
common_voice_as_32869187.mp3	6336
common_voice_as_22079437.mp3	7944
common_voice_as_32866344.mp3	3888
common_voice_as_32843745.mp3	4860
common_voice_as_24178141.mp3	3600
common_voice_as_27196856.mp3	6624
common_voice_as_24196061.mp3	3528
common_voice_as_22079577.mp3	7704
common_voice_as_23598591.mp3	8136
common_voice_as_31690239.mp3	6336
common_voice_as_32862179.mp3	6588
common_voice_as_32329207.mp3	6876
common_voice_as_22155300.mp3	4080
common_voice_as_24178090.mp3	3816
common_voice_as_32862341.mp3	4140
common_voice_as_31718668.mp3	4068
common_voice_as_32862143.mp3	5148
common_voice_as_32850371.mp3	5148
common_voice_as_32843579.mp3	4896
common_voice_as_32844854.mp3	6156
common_voice_as_22152599.mp3	7056
common_voice_as_32850481.mp3	4968
common_voice_as_32869191.mp3	4248
common_voice_as_22079459.mp3	6216
common_voice_as_32850511.mp3	4968
common_voice_as_22077419.mp3	3936
common_voice_as_24197160.mp3	4608
common_voice_as_22080144.mp3	5256
common_voice_as_25093533.mp3	6876
common_voice_as_24200968.mp3	3888
common_voice_as_22083772.mp3	4464
common_voice_as_32852879.mp3	6228
common_voice_as_32850578.mp3	5328
common_voice_as_32869190.mp3	6840
common_voice_as_32844462.mp3	6588
common_voice_as_32852815.mp3	7308
common_voice_as_32852630.mp3	7416
common_voice_as_32862153.mp3	4896
common_voice_as_32850240.mp3	3816
common_voice_as_22155280.mp3	4536
common_voice_as_22079834.mp3	4896
common_voice_as_32852729.mp3	9216
common_voice_as_32862154.mp3	7020
common_voice_as_22634860.mp3	3631
common_voice_as_22634769.mp3	5381
common_voice_as_32852525.mp3	9288
common_voice_as_32850123.mp3	5148
common_voice_as_32843471.mp3	3960
common_voice_as_25078530.mp3	3708
common_voice_as_37362165.mp3	4968
common_voice_as_25093428.mp3	6516
common_voice_as_32850496.mp3	6336
common_voice_as_22081247.mp3	5136
common_voice_as_32850527.mp3	4500
common_voice_as_24200421.mp3	4248
common_voice_as_24199948.mp3	5220
common_voice_as_23598597.mp3	5544
common_voice_as_22084221.mp3	3576
common_voice_as_32546120.mp3	7740
common_voice_as_32862144.mp3	6120
common_voice_as_22079945.mp3	4536
common_voice_as_32850957.mp3	6120
common_voice_as_32849967.mp3	6048
common_voice_as_32546207.mp3	4680
common_voice_as_32843578.mp3	7020
common_voice_as_32546233.mp3	5940
common_voice_as_32852961.mp3	7308
common_voice_as_32844091.mp3	4860
common_voice_as_22158651.mp3	4416
common_voice_as_32850181.mp3	6408
common_voice_as_32869450.mp3	3528
common_voice_as_32546053.mp3	6408
common_voice_as_32850420.mp3	4968
common_voice_as_22152246.mp3	5784
common_voice_as_21275741.mp3	1536
common_voice_as_32850001.mp3	8208
common_voice_as_32852749.mp3	8496
common_voice_as_24178215.mp3	5796
common_voice_as_22713112.mp3	7464
common_voice_as_32840981.mp3	8496
common_voice_as_32862366.mp3	4608
common_voice_as_27386874.mp3	5184
common_voice_as_22155927.mp3	5520
common_voice_as_24197930.mp3	5652
common_voice_as_25115208.mp3	4104
common_voice_as_22155225.mp3	3792
common_voice_as_24200206.mp3	3168
common_voice_as_22083890.mp3	5016
common_voice_as_32850183.mp3	5760
common_voice_as_32844773.mp3	9000
common_voice_as_32850417.mp3	3636
common_voice_as_32852917.mp3	6768
common_voice_as_32849965.mp3	10296
common_voice_as_32546202.mp3	6948
common_voice_as_22081237.mp3	3984
common_voice_as_32866357.mp3	3636
common_voice_as_22245272.mp3	4704
common_voice_as_32843954.mp3	6840
common_voice_as_22152621.mp3	7344
common_voice_as_32844762.mp3	7308
common_voice_as_32850516.mp3	4680
common_voice_as_32546166.mp3	4788
common_voice_as_22155276.mp3	4728
common_voice_as_23362103.mp3	5232
common_voice_as_32844199.mp3	8676
common_voice_as_32843963.mp3	8676
common_voice_as_20878098.mp3	9744
common_voice_as_32850046.mp3	4356
common_voice_as_32852819.mp3	5436
common_voice_as_32844024.mp3	10116
common_voice_as_32862363.mp3	4896
common_voice_as_22016210.mp3	8256
common_voice_as_32843840.mp3	5436
common_voice_as_32546056.mp3	6300
common_voice_as_32862207.mp3	6840
common_voice_as_22152408.mp3	5424
common_voice_as_32840917.mp3	9576
common_voice_as_32850212.mp3	7920
common_voice_as_32843797.mp3	6948
common_voice_as_22081123.mp3	4056
common_voice_as_37362167.mp3	5400
common_voice_as_22083703.mp3	3456
common_voice_as_27386873.mp3	5868
common_voice_as_24200427.mp3	2340
common_voice_as_22635020.mp3	7392
common_voice_as_24178088.mp3	7740
common_voice_as_32850925.mp3	4320
common_voice_as_32849989.mp3	4788
common_voice_as_22713178.mp3	5736
common_voice_as_24178091.mp3	6156
common_voice_as_24178190.mp3	4176
common_voice_as_32850110.mp3	6588
common_voice_as_22078870.mp3	6696
common_voice_as_32850529.mp3	9396
common_voice_as_25093392.mp3	3348
common_voice_as_22080427.mp3	6024
common_voice_as_32546492.mp3	2736
common_voice_as_32546486.mp3	6120
common_voice_as_32862152.mp3	7416
common_voice_as_25101239.mp3	8460
common_voice_as_22074894.mp3	7656
common_voice_as_32849977.mp3	8928
common_voice_as_24736292.mp3	6516
common_voice_as_32850508.mp3	4896
common_voice_as_32850079.mp3	6228
common_voice_as_22079056.mp3	5784
common_voice_as_32852892.mp3	8820
common_voice_as_32862340.mp3	7668
common_voice_as_32850091.mp3	5400
common_voice_as_32852534.mp3	3780
common_voice_as_32546447.mp3	2736
common_voice_as_32850540.mp3	3636
common_voice_as_32850404.mp3	8100
common_voice_as_32844853.mp3	5868
common_voice_as_22152322.mp3	5136
common_voice_as_32849983.mp3	4788
common_voice_as_24200205.mp3	4212
common_voice_as_32852764.mp3	7020
common_voice_as_24196951.mp3	5544
common_voice_as_32546465.mp3	4356
common_voice_as_32843693.mp3	7596
common_voice_as_32850571.mp3	4608
common_voice_as_24178089.mp3	6588
common_voice_as_32850558.mp3	8100
common_voice_as_32546318.mp3	2988
common_voice_as_32850149.mp3	9828
common_voice_as_22076582.mp3	7704
common_voice_as_22081243.mp3	4944
common_voice_as_22074937.mp3	5064
common_voice_as_32844850.mp3	6768
common_voice_as_25081970.mp3	7776
common_voice_as_32849992.mp3	5328
common_voice_as_37362166.mp3	7740
common_voice_as_31690363.mp3	3888
common_voice_as_37362164.mp3	7488
common_voice_as_32850509.mp3	3528
common_voice_as_22244940.mp3	6864
common_voice_as_22412908.mp3	5424
common_voice_as_32850398.mp3	6660
common_voice_as_32862285.mp3	3636
common_voice_as_32844058.mp3	4860
common_voice_as_32850482.mp3	4608
common_voice_as_24178147.mp3	5508
common_voice_as_32844399.mp3	5328
common_voice_as_32869188.mp3	8388
common_voice_as_25093443.mp3	3636
common_voice_as_32850342.mp3	7056
common_voice_as_32850402.mp3	7416
common_voice_as_32852929.mp3	6588
common_voice_as_32866353.mp3	10080
common_voice_as_32546448.mp3	6408
common_voice_as_32546378.mp3	4716
common_voice_as_32850309.mp3	8568
common_voice_as_22084006.mp3	6456
common_voice_as_32844559.mp3	5436
common_voice_as_32862375.mp3	5580
common_voice_as_32843839.mp3	6948
common_voice_as_24917577.mp3	7776
common_voice_as_32850535.mp3	3960
common_voice_as_22079783.mp3	3936
common_voice_as_21275754.mp3	1704
common_voice_as_24178081.mp3	6516
common_voice_as_22081136.mp3	4656
common_voice_as_32862289.mp3	4608
common_voice_as_32849994.mp3	5040
common_voice_as_32852709.mp3	5148
common_voice_as_32850073.mp3	5256
common_voice_as_21275748.mp3	1824
common_voice_as_22155660.mp3	6576
common_voice_as_28665816.mp3	3168
common_voice_as_23362120.mp3	7104
common_voice_as_32850044.mp3	6228
common_voice_as_32850092.mp3	4716
common_voice_as_23362118.mp3	5496
common_voice_as_24198706.mp3	4788
common_voice_as_32852783.mp3	5868
common_voice_as_24201140.mp3	5688
common_voice_as_25109724.mp3	2736
common_voice_as_22015902.mp3	5784
common_voice_as_24178197.mp3	7848
common_voice_as_32840879.mp3	5256
common_voice_as_32869217.mp3	5148
common_voice_as_32869311.mp3	6480
common_voice_as_22075385.mp3	3696
common_voice_as_32852850.mp3	7416
common_voice_as_22084003.mp3	4464
common_voice_as_32850444.mp3	9036
common_voice_as_32546297.mp3	3636
common_voice_as_32840927.mp3	5796
common_voice_as_23362111.mp3	6072
common_voice_as_32546163.mp3	4320
common_voice_as_22152577.mp3	5496
common_voice_as_32850242.mp3	5328
common_voice_as_32850343.mp3	5256
common_voice_as_32850052.mp3	7776
common_voice_as_32850032.mp3	6336
common_voice_as_32862374.mp3	7596
common_voice_as_22187004.mp3	4824
common_voice_as_24178184.mp3	4860
common_voice_as_22079748.mp3	6936
common_voice_as_23598595.mp3	5016
common_voice_as_22076946.mp3	7776
common_voice_as_32852862.mp3	6048
common_voice_as_25815161.mp3	6768
common_voice_as_32844059.mp3	3960
common_voice_as_22075513.mp3	4896
common_voice_as_32850506.mp3	3420
common_voice_as_32843470.mp3	9216
common_voice_as_32852952.mp3	5148
common_voice_as_25815162.mp3	6336
common_voice_as_24178225.mp3	7920
common_voice_as_24178183.mp3	6516
common_voice_as_22079311.mp3	5856
common_voice_as_24178170.mp3	4500
common_voice_as_32862126.mp3	4068
common_voice_as_22030942.mp3	7704
common_voice_as_24198709.mp3	2844
common_voice_as_32850182.mp3	7236
common_voice_as_24007859.mp3	7416
common_voice_as_24200208.mp3	3924
common_voice_as_22080513.mp3	6456
common_voice_as_24197921.mp3	5760
common_voice_as_32852891.mp3	7056
common_voice_as_32849978.mp3	5796
common_voice_as_32844667.mp3	6336
common_voice_as_24178188.mp3	3780
common_voice_as_22015898.mp3	5064
common_voice_as_32850078.mp3	8136
common_voice_as_22030361.mp3	7584
common_voice_as_32869293.mp3	4608
common_voice_as_23362102.mp3	5664
common_voice_as_32862279.mp3	6228
common_voice_as_33313043.mp3	7920
common_voice_as_25095839.mp3	8856
common_voice_as_26560673.mp3	5832
common_voice_as_22634948.mp3	2664
common_voice_as_37362168.mp3	3348
common_voice_as_32866343.mp3	4788
common_voice_as_22083775.mp3	3816
common_voice_as_22081035.mp3	6264
common_voice_as_32850533.mp3	5148
common_voice_as_23362115.mp3	5808
common_voice_as_24196064.mp3	5436
common_voice_as_32852771.mp3	4968
common_voice_as_22158654.mp3	3624
common_voice_as_22244931.mp3	4224
common_voice_as_32850567.mp3	4968
common_voice_as_32862066.mp3	5868
common_voice_as_32850081.mp3	5256
common_voice_as_25110102.mp3	4572
common_voice_as_32850405.mp3	3636
common_voice_as_22074928.mp3	4176
common_voice_as_32844393.mp3	9756
common_voice_as_32862318.mp3	4716
common_voice_as_22191559.mp3	5136
common_voice_as_22084102.mp3	3744
common_voice_as_22076842.mp3	4416
common_voice_as_25101232.mp3	3780
common_voice_as_32850423.mp3	4968
common_voice_as_32843916.mp3	5400
common_voice_as_22084219.mp3	4656
common_voice_as_32852955.mp3	6948
common_voice_as_22080419.mp3	4224
common_voice_as_22186075.mp3	5664
common_voice_as_32850500.mp3	6120
common_voice_as_24200135.mp3	3024
common_voice_as_32850518.mp3	4896
common_voice_as_22079781.mp3	5856
common_voice_as_24178220.mp3	4500
common_voice_as_22075212.mp3	4896
common_voice_as_32546432.mp3	2916
common_voice_as_32850547.mp3	3960
common_voice_as_32852774.mp3	6516
common_voice_as_32843721.mp3	2808
common_voice_as_32862229.mp3	7236
common_voice_as_32849975.mp3	9396
common_voice_as_22245268.mp3	3696
common_voice_as_32844724.mp3	3240
common_voice_as_32850532.mp3	4788
common_voice_as_22635069.mp3	2742
common_voice_as_32869245.mp3	9828
common_voice_as_32852894.mp3	6156
common_voice_as_32850549.mp3	4248
common_voice_as_22152523.mp3	5616
common_voice_as_22075509.mp3	3624
common_voice_as_32850027.mp3	6480
common_voice_as_25078487.mp3	4608
common_voice_as_32850487.mp3	3888
common_voice_as_24178171.mp3	5220
common_voice_as_24178226.mp3	4428
common_voice_as_25101315.mp3	4176
common_voice_as_25101263.mp3	4356
common_voice_as_24178093.mp3	5220
common_voice_as_32850413.mp3	9288
common_voice_as_32850447.mp3	4428
common_voice_as_32862070.mp3	5148
common_voice_as_22084058.mp3	5376
common_voice_as_32850514.mp3	4608
common_voice_as_32850406.mp3	5760
common_voice_as_32852670.mp3	6516
common_voice_as_32843641.mp3	7308
common_voice_as_28666023.mp3	6516
common_voice_as_32862151.mp3	5508
common_voice_as_22081259.mp3	2904
common_voice_as_24142709.mp3	6300
common_voice_as_25110117.mp3	2592
common_voice_as_32546194.mp3	7020
common_voice_as_32850507.mp3	3600
common_voice_as_32546201.mp3	3096
common_voice_as_32862081.mp3	5796
common_voice_as_22077139.mp3	5136
common_voice_as_22079745.mp3	4896
common_voice_as_32862067.mp3	9000
common_voice_as_32844852.mp3	5940
common_voice_as_25114508.mp3	3276
common_voice_as_22081019.mp3	6696
common_voice_as_32852648.mp3	5148
common_voice_as_31690319.mp3	6840
common_voice_as_24200033.mp3	4464
common_voice_as_32852683.mp3	5328
common_voice_as_32546293.mp3	5076
common_voice_as_22634821.mp3	4989
common_voice_as_22083774.mp3	6144
common_voice_as_32850375.mp3	5760
common_voice_as_32850146.mp3	8388
common_voice_as_24914455.mp3	4536
common_voice_as_24198285.mp3	4824
common_voice_as_24200029.mp3	3276
common_voice_as_25093384.mp3	8928
common_voice_as_24199122.mp3	4680
common_voice_as_22186072.mp3	6336
common_voice_as_32843514.mp3	4356
common_voice_as_32850033.mp3	3888
common_voice_as_32850456.mp3	7956
common_voice_as_24196216.mp3	3960
common_voice_as_32850037.mp3	8568
common_voice_as_32546055.mp3	5616
common_voice_as_22152406.mp3	6216
common_voice_as_32869623.mp3	7380
common_voice_as_32852831.mp3	9720
common_voice_as_32840982.mp3	3636
common_voice_as_35924717.mp3	9468
common_voice_as_22157860.mp3	4896
common_voice_as_32546434.mp3	5076
common_voice_as_32843472.mp3	6948
common_voice_as_24200127.mp3	3960
common_voice_as_32850923.mp3	4320
common_voice_as_32852930.mp3	9000
common_voice_as_32852652.mp3	6768
common_voice_as_32546283.mp3	3240
common_voice_as_22084550.mp3	5784
common_voice_as_32546386.mp3	6300
common_voice_as_32844139.mp3	8136
common_voice_as_32850388.mp3	5076
common_voice_as_32862118.mp3	6516
common_voice_as_25078536.mp3	6120
common_voice_as_32546298.mp3	2520
common_voice_as_22152479.mp3	4944
common_voice_as_21275749.mp3	1704
common_voice_as_32852962.mp3	5580
common_voice_as_22155971.mp3	5880
common_voice_as_32841086.mp3	9756
common_voice_as_32852726.mp3	5400
common_voice_as_23598589.mp3	9024
common_voice_as_24917573.mp3	9396
common_voice_as_26560670.mp3	4392
common_voice_as_22080523.mp3	5664
common_voice_as_32546418.mp3	4536
common_voice_as_22030183.mp3	5856
common_voice_as_24178094.mp3	5220
common_voice_as_25093425.mp3	5868
common_voice_as_32862353.mp3	6660
common_voice_as_32862356.mp3	5256
common_voice_as_32852799.mp3	7380
common_voice_as_32850523.mp3	7020
common_voice_as_22152318.mp3	5544
common_voice_as_22016209.mp3	3696
common_voice_as_27196947.mp3	7200
common_voice_as_32862079.mp3	5616
common_voice_as_32862319.mp3	8316
common_voice_as_26560671.mp3	5256
common_voice_as_24178201.mp3	5436
common_voice_as_24196684.mp3	3816
common_voice_as_32844390.mp3	6696
common_voice_as_32546234.mp3	5256
common_voice_as_24201125.mp3	4752
common_voice_as_22713176.mp3	3744
common_voice_as_32850048.mp3	4716
common_voice_as_24199868.mp3	3168
common_voice_as_22191572.mp3	7296
common_voice_as_22016342.mp3	4944
common_voice_as_32843923.mp3	4428
common_voice_as_24178222.mp3	4536
common_voice_as_32850213.mp3	8676
common_voice_as_22030696.mp3	5424
common_voice_as_22186078.mp3	4536
common_voice_as_32852916.mp3	6696
common_voice_as_31690277.mp3	8028
common_voice_as_22080306.mp3	5904
common_voice_as_22080845.mp3	5376
common_voice_as_32852773.mp3	9036
common_voice_as_25095841.mp3	4356
common_voice_as_32850050.mp3	5976
common_voice_as_32862275.mp3	6516
common_voice_as_32850025.mp3	5400
common_voice_as_28666017.mp3	3780
common_voice_as_32844509.mp3	6696
common_voice_as_22079828.mp3	4056
common_voice_as_32546362.mp3	4428
common_voice_as_24178083.mp3	5328
common_voice_as_32850090.mp3	4860
common_voice_as_24178233.mp3	3888
common_voice_as_22084220.mp3	3936
common_voice_as_32850119.mp3	6588
common_voice_as_24200972.mp3	2844
common_voice_as_32850521.mp3	5796
common_voice_as_22245254.mp3	5544
common_voice_as_32850415.mp3	5220
common_voice_as_24178234.mp3	6048
common_voice_as_32852770.mp3	6660
common_voice_as_22080133.mp3	5616
common_voice_as_32850395.mp3	4320
common_voice_as_32849982.mp3	3960
common_voice_as_32869373.mp3	6336
common_voice_as_32841013.mp3	4860
common_voice_as_32844305.mp3	9936
common_voice_as_32546493.mp3	4428
common_voice_as_32843596.mp3	4788
common_voice_as_24178123.mp3	4788
common_voice_as_22634846.mp3	2481
common_voice_as_22084302.mp3	5376
common_voice_as_24197152.mp3	5904
common_voice_as_32850515.mp3	6228
common_voice_as_24197925.mp3	4104
common_voice_as_32852860.mp3	10080
common_voice_as_22155650.mp3	5880
common_voice_as_20878096.mp3	6744
common_voice_as_22635064.mp3	5642
common_voice_as_22016341.mp3	5424
common_voice_as_32869456.mp3	6660
common_voice_as_22084295.mp3	6216
common_voice_as_22187005.mp3	3504
common_voice_as_32850316.mp3	5796
common_voice_as_32546165.mp3	6948
common_voice_as_22634907.mp3	5955
common_voice_as_32843958.mp3	7560
common_voice_as_25114510.mp3	3816
common_voice_as_32546526.mp3	5688
common_voice_as_24200327.mp3	6696
common_voice_as_25095793.mp3	10116
common_voice_as_32862200.mp3	9648
common_voice_as_22030517.mp3	3936
common_voice_as_33313042.mp3	7200
common_voice_as_32844506.mp3	6696
common_voice_as_21650228.mp3	7992
common_voice_as_32844248.mp3	8496
common_voice_as_32850060.mp3	6048
common_voice_as_24200130.mp3	5508
common_voice_as_24007857.mp3	5976
common_voice_as_32850581.mp3	5436
common_voice_as_32844303.mp3	5580
common_voice_as_25095787.mp3	9648
common_voice_as_32843144.mp3	5400
common_voice_as_32850583.mp3	4140
common_voice_as_32844711.mp3	3996
common_voice_as_24178109.mp3	3528
common_voice_as_22015994.mp3	3744
common_voice_as_25093388.mp3	4536
common_voice_as_32840896.mp3	6696
common_voice_as_25093427.mp3	4356
common_voice_as_32850543.mp3	5256
common_voice_as_31690318.mp3	8100
common_voice_as_32850263.mp3	7560
common_voice_as_32844882.mp3	5400
common_voice_as_22077031.mp3	5784
common_voice_as_32852951.mp3	6228
common_voice_as_22079044.mp3	5016
common_voice_as_32852673.mp3	8388
common_voice_as_32546276.mp3	8676
common_voice_as_32850071.mp3	8640
common_voice_as_24225675.mp3	8496
common_voice_as_32850393.mp3	7956
common_voice_as_24178202.mp3	3888
common_voice_as_24196484.mp3	4536
common_voice_as_22081130.mp3	5304
common_voice_as_24178229.mp3	4068
common_voice_as_21275747.mp3	1584
common_voice_as_32852906.mp3	8388
common_voice_as_24178191.mp3	6696
common_voice_as_27206518.mp3	8604
common_voice_as_22155654.mp3	8592
common_voice_as_32844120.mp3	7668
common_voice_as_33313040.mp3	6840
common_voice_as_22079670.mp3	4584
common_voice_as_22152526.mp3	7344
common_voice_as_27206517.mp3	8424
common_voice_as_26560635.mp3	8028
common_voice_as_22152640.mp3	2904
common_voice_as_32849998.mp3	5076
common_voice_as_32844032.mp3	5580
common_voice_as_32850042.mp3	5976
common_voice_as_25081967.mp3	9828
common_voice_as_22155987.mp3	4944
common_voice_as_32843153.mp3	4356
common_voice_as_32546397.mp3	6948
common_voice_as_32843961.mp3	7128
common_voice_as_32850465.mp3	6480
common_voice_as_22192919.mp3	4320
common_voice_as_25101319.mp3	6660
common_voice_as_32850958.mp3	5328
common_voice_as_20870772.mp3	4896
common_voice_as_24200328.mp3	2988
common_voice_as_32546054.mp3	5508
common_voice_as_27206492.mp3	5040
common_voice_as_32850093.mp3	3780
common_voice_as_25101313.mp3	6876
common_voice_as_32869242.mp3	4788
common_voice_as_24178107.mp3	5328
common_voice_as_32840992.mp3	4788
common_voice_as_32546230.mp3	5868
common_voice_as_27206488.mp3	8100
common_voice_as_24178085.mp3	5328
common_voice_as_32852677.mp3	8100
common_voice_as_22079442.mp3	5736
common_voice_as_24178214.mp3	6048
common_voice_as_22244944.mp3	6984
common_voice_as_22076584.mp3	3816
common_voice_as_32869286.mp3	5148
common_voice_as_32869365.mp3	5256
common_voice_as_24178150.mp3	6156
common_voice_as_32844068.mp3	7128
common_voice_as_32844398.mp3	5760
common_voice_as_22079163.mp3	4776
common_voice_as_32843283.mp3	7488
common_voice_as_22080309.mp3	4056
common_voice_as_32852781.mp3	8568
common_voice_as_32546522.mp3	4140
common_voice_as_22030349.mp3	6264
common_voice_as_32852649.mp3	8496
common_voice_as_32546525.mp3	2700
common_voice_as_32862380.mp3	3528
common_voice_as_22084182.mp3	6504
common_voice_as_24195245.mp3	3168
common_voice_as_25101230.mp3	6480
common_voice_as_21808341.mp3	7224
common_voice_as_24225668.mp3	4860
common_voice_as_32546512.mp3	3816
common_voice_as_32862069.mp3	6588
common_voice_as_26560674.mp3	4788
common_voice_as_32843157.mp3	4176
common_voice_as_32850463.mp3	7560
common_voice_as_24178110.mp3	7128
common_voice_as_24736288.mp3	4392
common_voice_as_32840984.mp3	6660
common_voice_as_32844722.mp3	5508
common_voice_as_32844867.mp3	4608
common_voice_as_26560672.mp3	4104
common_voice_as_22076836.mp3	3504
common_voice_as_27206514.mp3	4968
common_voice_as_32862339.mp3	8496
common_voice_as_32862183.mp3	5328
common_voice_as_22152187.mp3	3984
common_voice_as_32850408.mp3	6876
common_voice_as_32862156.mp3	7236
common_voice_as_25081968.mp3	7128
common_voice_as_32850569.mp3	4716
common_voice_as_24198549.mp3	4032
common_voice_as_25115197.mp3	4896
common_voice_as_22157851.mp3	4584
common_voice_as_32852686.mp3	8028
common_voice_as_32852747.mp3	4536
common_voice_as_32852839.mp3	7956
common_voice_as_32852786.mp3	9468
common_voice_as_32869261.mp3	5148
common_voice_as_32862155.mp3	4788
common_voice_as_20878106.mp3	5976
common_voice_as_32844093.mp3	8316
common_voice_as_22152572.mp3	3576
common_voice_as_22079964.mp3	6936
common_voice_as_24200432.mp3	6768
common_voice_as_32850061.mp3	7416
common_voice_as_32850575.mp3	6156
common_voice_as_25114509.mp3	4248
common_voice_as_32844884.mp3	3960
common_voice_as_32850538.mp3	2988
common_voice_as_32862063.mp3	4680
common_voice_as_25157257.mp3	5436
common_voice_as_22030925.mp3	5784
common_voice_as_32850307.mp3	4320
common_voice_as_22075294.mp3	4224
common_voice_as_32850573.mp3	5580
common_voice_as_24197927.mp3	6156
common_voice_as_22158890.mp3	5856
common_voice_as_32862158.mp3	8748
common_voice_as_32844614.mp3	5688
common_voice_as_22080136.mp3	4344
common_voice_as_32844458.mp3	6768
common_voice_as_32862082.mp3	5256
common_voice_as_32844860.mp3	10116
common_voice_as_24914454.mp3	4500
common_voice_as_32844617.mp3	4608
common_voice_as_32862277.mp3	4716
common_voice_as_32844866.mp3	7596
common_voice_as_32850076.mp3	5796
common_voice_as_32852875.mp3	6156
common_voice_as_22075389.mp3	6936
common_voice_as_32844333.mp3	6336
common_voice_as_32546121.mp3	6048
common_voice_as_24178137.mp3	3420
common_voice_as_32862145.mp3	4860
common_voice_as_22079584.mp3	6144
common_voice_as_24178064.mp3	5580
common_voice_as_24178235.mp3	5940
common_voice_as_24196695.mp3	4644
common_voice_as_32844829.mp3	5580
common_voice_as_22016339.mp3	6384
common_voice_as_32844823.mp3	9756
common_voice_as_22080062.mp3	6504
common_voice_as_32862264.mp3	5580
common_voice_as_32850566.mp3	7056
common_voice_as_32844675.mp3	3960
common_voice_as_32869149.mp3	8856
common_voice_as_24178223.mp3	3420
common_voice_as_28665815.mp3	4680
common_voice_as_22077152.mp3	5184
common_voice_as_24917574.mp3	6768
common_voice_as_24178174.mp3	3276
common_voice_as_22030660.mp3	3984
common_voice_as_32850510.mp3	3780
common_voice_as_27196854.mp3	4968
common_voice_as_22085170.mp3	8736
common_voice_as_32844618.mp3	4788
common_voice_as_32862362.mp3	6228
common_voice_as_32866356.mp3	6120
common_voice_as_25093441.mp3	7200
common_voice_as_32844092.mp3	4356
common_voice_as_32852627.mp3	9756
common_voice_as_25093406.mp3	3240
common_voice_as_32840877.mp3	6768
common_voice_as_32841047.mp3	4680
common_voice_as_32862160.mp3	4788
common_voice_as_32852838.mp3	6120
common_voice_as_32869264.mp3	5040
common_voice_as_32840991.mp3	4500
common_voice_as_24225672.mp3	7920
common_voice_as_32850530.mp3	5508
common_voice_as_23362117.mp3	7848
common_voice_as_22158878.mp3	5736
common_voice_as_32862398.mp3	8460
common_voice_as_32850956.mp3	3888
common_voice_as_24178216.mp3	6480
common_voice_as_24178144.mp3	5508
common_voice_as_32862133.mp3	4680
common_voice_as_32546395.mp3	7056
common_voice_as_23362113.mp3	5112
common_voice_as_22030512.mp3	5424
common_voice_as_32862355.mp3	6480
common_voice_as_32850520.mp3	4320
common_voice_as_32852531.mp3	6408
common_voice_as_22245302.mp3	5376
common_voice_as_32866340.mp3	7308
common_voice_as_32852746.mp3	7128
common_voice_as_32546361.mp3	5436
common_voice_as_22079300.mp3	5976
common_voice_as_32850577.mp3	4608
common_voice_as_25110119.mp3	2952
common_voice_as_22152594.mp3	5016
common_voice_as_32850437.mp3	8640
common_voice_as_22084183.mp3	4224
common_voice_as_22186070.mp3	4896
common_voice_as_25093562.mp3	4500
common_voice_as_22077284.mp3	7224
common_voice_as_32546229.mp3	3780
common_voice_as_25078529.mp3	5328
common_voice_as_24007861.mp3	4716
common_voice_as_22030337.mp3	4944
common_voice_as_22083771.mp3	6264
common_voice_as_32546273.mp3	4320
common_voice_as_32843695.mp3	4716
common_voice_as_32844173.mp3	4176
common_voice_as_21275737.mp3	1536
common_voice_as_32869428.mp3	8136
common_voice_as_32546420.mp3	5940
common_voice_as_32850531.mp3	6588
common_voice_as_22015893.mp3	5376
common_voice_as_25093386.mp3	7128
common_voice_as_27196858.mp3	7488
common_voice_as_22075291.mp3	3744
common_voice_as_22152524.mp3	6864
common_voice_as_22155195.mp3	3024
common_voice_as_22080311.mp3	3624
common_voice_as_22080239.mp3	7944
common_voice_as_32844791.mp3	9540
common_voice_as_32850057.mp3	7848
common_voice_as_24199951.mp3	4104
common_voice_as_22079433.mp3	5424
common_voice_as_32844301.mp3	9828
common_voice_as_24178172.mp3	4608
common_voice_as_32844090.mp3	5328
common_voice_as_32844174.mp3	7128
common_voice_as_25078532.mp3	6228
common_voice_as_22187010.mp3	6504
common_voice_as_32849987.mp3	6768
common_voice_as_32866345.mp3	9180
common_voice_as_22080244.mp3	4896
common_voice_as_32850410.mp3	6696
common_voice_as_32844062.mp3	5076
common_voice_as_32844564.mp3	9648
common_voice_as_24198554.mp3	3996
common_voice_as_24178092.mp3	5328
common_voice_as_32850522.mp3	6228
common_voice_as_25101281.mp3	5688
common_voice_as_32844880.mp3	6840
common_voice_as_32852555.mp3	4608
common_voice_as_22079049.mp3	7176
common_voice_as_22083891.mp3	3264
common_voice_as_35924721.mp3	8316
common_voice_as_25093426.mp3	3708
common_voice_as_32850414.mp3	4968
common_voice_as_32844079.mp3	6876
common_voice_as_24178105.mp3	3456
common_voice_as_32869617.mp3	7488
common_voice_as_24178125.mp3	5220
common_voice_as_32843796.mp3	8676
common_voice_as_32546228.mp3	4356
common_voice_as_25095792.mp3	5220
common_voice_as_22713110.mp3	6696
common_voice_as_32850389.mp3	7956
common_voice_as_32546365.mp3	3420
common_voice_as_22635137.mp3	2768
common_voice_as_32852817.mp3	7596
common_voice_as_32850053.mp3	4140
common_voice_as_32843910.mp3	5616
common_voice_as_22078858.mp3	4536
common_voice_as_32852918.mp3	4608
common_voice_as_22083887.mp3	4104
common_voice_as_32841049.mp3	6948
common_voice_as_32850446.mp3	8388
common_voice_as_25093563.mp3	5508
common_voice_as_22634841.mp3	3265
common_voice_as_22157927.mp3	3624
common_voice_as_32850217.mp3	4788
common_voice_as_32850574.mp3	6480
common_voice_as_22075297.mp3	4944
common_voice_as_22152522.mp3	5424
common_voice_as_32852526.mp3	4716
common_voice_as_32850582.mp3	4860
common_voice_as_22159537.mp3	9264
common_voice_as_22152478.mp3	4536
common_voice_as_32862330.mp3	7848
common_voice_as_22083656.mp3	5136
common_voice_as_32862231.mp3	3960
common_voice_as_32844865.mp3	5508
common_voice_as_22079784.mp3	3816
common_voice_as_32546484.mp3	5976
common_voice_as_22085177.mp3	9576
common_voice_as_32852674.mp3	6840
common_voice_as_32546287.mp3	4968
common_voice_as_32844566.mp3	8640
common_voice_as_32862365.mp3	5616
common_voice_as_32546057.mp3	8388
common_voice_as_32546524.mp3	9648
common_voice_as_22187008.mp3	4104
common_voice_as_32843346.mp3	5796
common_voice_as_32850034.mp3	5940
common_voice_as_23598623.mp3	6864
common_voice_as_32546296.mp3	2880
common_voice_as_24197163.mp3	3312
common_voice_as_32546300.mp3	4176
common_voice_as_32852954.mp3	7128
common_voice_as_22079835.mp3	3264
common_voice_as_24142707.mp3	5616
common_voice_as_32850960.mp3	7128
common_voice_as_32850467.mp3	5796
common_voice_as_25110110.mp3	3060
common_voice_as_32546449.mp3	3636
common_voice_as_32546464.mp3	5328
common_voice_as_22713111.mp3	4536
common_voice_as_22079175.mp3	6864
common_voice_as_32850394.mp3	9900
common_voice_as_24178230.mp3	5400
common_voice_as_32844560.mp3	8496
common_voice_as_32850045.mp3	4680
common_voice_as_24178207.mp3	3888
common_voice_as_24197923.mp3	3888
common_voice_as_20870775.mp3	7296
common_voice_as_24178192.mp3	4860
common_voice_as_32546193.mp3	4248
common_voice_as_32850519.mp3	4248
common_voice_as_32850236.mp3	5148
common_voice_as_32866354.mp3	5256
common_voice_as_32862072.mp3	7200
common_voice_as_32862181.mp3	4068
common_voice_as_25093391.mp3	3096
common_voice_as_22076957.mp3	5256
common_voice_as_22080142.mp3	6096
common_voice_as_22016340.mp3	8304
common_voice_as_32850499.mp3	4536
common_voice_as_32844780.mp3	3780
common_voice_as_32852835.mp3	8280
common_voice_as_32852795.mp3	8028
common_voice_as_24199867.mp3	4536
common_voice_as_22245246.mp3	6744
common_voice_as_24178212.mp3	4860
common_voice_as_22157919.mp3	2976
common_voice_as_32843639.mp3	5436
common_voice_as_32850040.mp3	5256
common_voice_as_32862125.mp3	7380
common_voice_as_32850552.mp3	4716
common_voice_as_32849986.mp3	5076
common_voice_as_25093405.mp3	3276
common_voice_as_24178218.mp3	5040
common_voice_as_32546482.mp3	4356
common_voice_as_22079168.mp3	4896
common_voice_as_24198711.mp3	3996
common_voice_as_24736290.mp3	4896
common_voice_as_32546450.mp3	4500
common_voice_as_32844247.mp3	10008
common_voice_as_22079160.mp3	3576
common_voice_as_24178176.mp3	6156
common_voice_as_22075293.mp3	5976
common_voice_as_32866347.mp3	9036
common_voice_as_25078528.mp3	4320
common_voice_as_23362108.mp3	2664
common_voice_as_32850056.mp3	5148
common_voice_as_32849996.mp3	5688
common_voice_as_32869426.mp3	8856
common_voice_as_22079952.mp3	3864
common_voice_as_32862286.mp3	4500
common_voice_as_22080429.mp3	5256
common_voice_as_32850035.mp3	4788
common_voice_as_32546119.mp3	7236
common_voice_as_22192897.mp3	6864
common_voice_as_32844331.mp3	4788
common_voice_as_32852613.mp3	7056
common_voice_as_32850454.mp3	6516
common_voice_as_32852671.mp3	10368
common_voice_as_24200330.mp3	5292
common_voice_as_32843245.mp3	4896
common_voice_as_32850341.mp3	4500
common_voice_as_24198289.mp3	4068
common_voice_as_32862377.mp3	4608
common_voice_as_32841015.mp3	5328
common_voice_as_32850344.mp3	6048
common_voice_as_32546516.mp3	5040
common_voice_as_25078533.mp3	5076
common_voice_as_32862135.mp3	6876
common_voice_as_24200332.mp3	2664
common_voice_as_24178175.mp3	6660
common_voice_as_32850548.mp3	4140
common_voice_as_24225674.mp3	4500
common_voice_as_32862202.mp3	4680
common_voice_as_32869265.mp3	3888
common_voice_as_32850026.mp3	7416
common_voice_as_28666021.mp3	5076
common_voice_as_24198273.mp3	3744
common_voice_as_22079960.mp3	5184
common_voice_as_32841012.mp3	4176
common_voice_as_32546494.mp3	6588
common_voice_as_24178076.mp3	6660
common_voice_as_32546235.mp3	3240
common_voice_as_32852585.mp3	9540
common_voice_as_32850109.mp3	3960
common_voice_as_32546438.mp3	4896
common_voice_as_32843841.mp3	3780
common_voice_as_32546294.mp3	6300
common_voice_as_32850261.mp3	7740
common_voice_as_25815164.mp3	6516
common_voice_as_24196490.mp3	4212
common_voice_as_22030521.mp3	4704
common_voice_as_24200965.mp3	5760
common_voice_as_22074980.mp3	4224
common_voice_as_32862299.mp3	3600
common_voice_as_32844861.mp3	5868
common_voice_as_23362105.mp3	6144
common_voice_as_24200423.mp3	5580
common_voice_as_23362100.mp3	5208
common_voice_as_32852676.mp3	4356
common_voice_as_32844818.mp3	6300
common_voice_as_22076933.mp3	5544
common_voice_as_32850372.mp3	5760
common_voice_as_22083702.mp3	6264
common_voice_as_25117515.mp3	10188
common_voice_as_32850435.mp3	6300
common_voice_as_32546215.mp3	3060
common_voice_as_24195237.mp3	6876
common_voice_as_23362107.mp3	7008
common_voice_as_32849988.mp3	6408
common_voice_as_32869263.mp3	6948
common_voice_as_31496887.mp3	4356
common_voice_as_24178206.mp3	6048
common_voice_as_32862288.mp3	4536
common_voice_as_32840994.mp3	5580
common_voice_as_32843640.mp3	4716
common_voice_as_32850497.mp3	3528
common_voice_as_22081031.mp3	5064
common_voice_as_32850030.mp3	8460
common_voice_as_22152480.mp3	6624
common_voice_as_23362121.mp3	7584
common_voice_as_22152613.mp3	3504
common_voice_as_32869315.mp3	4176
common_voice_as_32844834.mp3	3348
common_voice_as_32850568.mp3	4500
common_voice_as_32844799.mp3	4608
common_voice_as_22155976.mp3	5976
common_voice_as_32844071.mp3	10440
common_voice_as_24178062.mp3	4500
common_voice_as_32844455.mp3	5148
common_voice_as_32844083.mp3	3780
common_voice_as_22713179.mp3	5664
common_voice_as_22074935.mp3	4896
common_voice_as_25081966.mp3	5868
common_voice_as_32866339.mp3	6300
common_voice_as_32869243.mp3	8280
common_voice_as_32546240.mp3	5688
common_voice_as_22030699.mp3	8664
common_voice_as_22152405.mp3	4824
common_voice_as_24917575.mp3	7308
common_voice_as_32850067.mp3	5328
common_voice_as_32862320.mp3	4500
common_voice_as_22016206.mp3	8496
common_voice_as_20878097.mp3	5784
common_voice_as_22079170.mp3	4416
common_voice_as_22080240.mp3	7416
common_voice_as_32850434.mp3	6156
common_voice_as_32843458.mp3	3096
common_voice_as_22074987.mp3	5136
common_voice_as_32852582.mp3	8388
common_voice_as_27386875.mp3	4824
common_voice_as_32862276.mp3	6156
common_voice_as_32844862.mp3	7020
common_voice_as_20870773.mp3	4344
common_voice_as_24198708.mp3	5544
common_voice_as_22152245.mp3	6456
common_voice_as_22083888.mp3	6384
common_voice_as_22015901.mp3	6624
common_voice_as_25101241.mp3	3960
common_voice_as_32850043.mp3	4680
common_voice_as_32869151.mp3	4608
common_voice_as_32862123.mp3	5760
common_voice_as_24200684.mp3	3924
common_voice_as_24142710.mp3	7308
common_voice_as_25078531.mp3	6696
common_voice_as_32546295.mp3	6516
common_voice_as_22076840.mp3	5784
common_voice_as_32844072.mp3	4176
common_voice_as_25078537.mp3	4500
common_voice_as_27206489.mp3	4248
common_voice_as_32850007.mp3	6120
common_voice_as_22075390.mp3	3984
common_voice_as_33313041.mp3	5796
common_voice_as_32850072.mp3	5976
common_voice_as_32852763.mp3	5868
common_voice_as_25101261.mp3	5940
common_voice_as_22030528.mp3	6816
common_voice_as_25109725.mp3	6408
common_voice_as_24198291.mp3	5796
common_voice_as_32850495.mp3	6300
common_voice_as_32866350.mp3	6696
common_voice_as_32869312.mp3	5040
common_voice_as_32852745.mp3	7560
common_voice_as_32546205.mp3	5076
common_voice_as_27206491.mp3	7380
common_voice_as_32862372.mp3	6660
common_voice_as_22030933.mp3	5304
common_voice_as_32840985.mp3	7416
common_voice_as_32844665.mp3	4608
common_voice_as_32850403.mp3	9468
common_voice_as_32850498.mp3	4356
common_voice_as_32850387.mp3	8568
common_voice_as_24196059.mp3	7056
common_voice_as_35924718.mp3	7200
common_voice_as_32862139.mp3	3996
common_voice_as_32850921.mp3	3780
common_voice_as_32850486.mp3	3600
common_voice_as_22084291.mp3	6744
common_voice_as_22030704.mp3	4656
common_voice_as_22079668.mp3	4656
common_voice_as_32862131.mp3	4716
common_voice_as_32850029.mp3	7956
common_voice_as_21275738.mp3	1656
common_voice_as_22412923.mp3	4824
common_voice_as_22079833.mp3	5784
common_voice_as_32862274.mp3	8676
common_voice_as_32850308.mp3	5040
common_voice_as_24196051.mp3	2556
common_voice_as_23362109.mp3	4584
common_voice_as_32862391.mp3	7200
common_voice_as_32852612.mp3	7848
common_voice_as_32329206.mp3	7596
common_voice_as_22075301.mp3	4584
common_voice_as_32850028.mp3	4680
common_voice_as_22080840.mp3	5976
common_voice_as_32862373.mp3	5076
common_voice_as_32850391.mp3	7740
common_voice_as_24200425.mp3	3204
common_voice_as_32844616.mp3	6336
common_voice_as_32852611.mp3	7740
common_voice_as_32850551.mp3	5688
common_voice_as_25815163.mp3	3960
common_voice_as_24142708.mp3	4500
common_voice_as_32842718.mp3	5328
common_voice_as_22245305.mp3	3984
common_voice_as_22186077.mp3	5376
common_voice_as_24178148.mp3	4608
common_voice_as_22634827.mp3	4101
common_voice_as_22152477.mp3	4056
common_voice_as_32843265.mp3	5580
common_voice_as_22084061.mp3	5616
common_voice_as_32862388.mp3	4536
common_voice_as_32850560.mp3	7776
common_voice_as_24178086.mp3	4500
common_voice_as_32841095.mp3	3816
common_voice_as_32843909.mp3	7128
common_voice_as_32329209.mp3	4860
common_voice_as_31718669.mp3	4140
common_voice_as_32850376.mp3	5040
common_voice_as_24178224.mp3	7848
common_voice_as_22081024.mp3	6216
common_voice_as_22634723.mp3	5302
common_voice_as_32850416.mp3	3780
common_voice_as_32546237.mp3	4716
common_voice_as_25101242.mp3	4536
common_voice_as_32862132.mp3	5256
common_voice_as_32850069.mp3	4968
common_voice_as_32862296.mp3	6696
common_voice_as_32849969.mp3	8928
common_voice_as_32850112.mp3	5940
common_voice_as_32844082.mp3	8100
common_voice_as_32850478.mp3	4860
common_voice_as_32843347.mp3	10116
common_voice_as_24736291.mp3	4680
common_voice_as_24736289.mp3	6372
common_voice_as_32844508.mp3	6696
common_voice_as_23664176.mp3	9240
common_voice_as_21275750.mp3	1656
common_voice_as_32869262.mp3	4860
common_voice_as_22152579.mp3	6696
common_voice_as_25109726.mp3	5868
common_voice_as_32852742.mp3	8820
common_voice_as_32844664.mp3	3780
common_voice_as_24178210.mp3	3600
common_voice_as_32850080.mp3	3816
common_voice_as_32862209.mp3	8676
common_voice_as_22158062.mp3	7536
common_voice_as_32862268.mp3	5148
common_voice_as_32546167.mp3	7020
common_voice_as_32843794.mp3	5508
common_voice_as_24199124.mp3	7920
common_voice_as_24178151.mp3	5580
common_voice_as_32546363.mp3	5508
common_voice_as_32862278.mp3	3600
common_voice_as_22077416.mp3	4104
common_voice_as_32852878.mp3	4320
common_voice_as_32862305.mp3	3960
common_voice_as_32850502.mp3	5976
common_voice_as_24178213.mp3	6336
common_voice_as_22030186.mp3	6504
common_voice_as_22030342.mp3	5784
common_voice_as_22030653.mp3	7104
common_voice_as_22412925.mp3	6504
common_voice_as_28665814.mp3	3528
common_voice_as_32850047.mp3	5616
common_voice_as_32546239.mp3	5076
common_voice_as_25101240.mp3	4500
common_voice_as_22077037.mp3	5736
common_voice_as_32862137.mp3	4896
common_voice_as_32862078.mp3	4320
common_voice_as_32850055.mp3	7056
common_voice_as_22079450.mp3	6816
common_voice_as_32844140.mp3	7668
common_voice_as_32850397.mp3	7956
common_voice_as_32850185.mp3	9936
common_voice_as_32862397.mp3	4500
common_voice_as_32852851.mp3	6876
common_voice_as_32546196.mp3	5436
common_voice_as_32843508.mp3	5616
common_voice_as_32849991.mp3	5796
common_voice_as_32852710.mp3	5220
common_voice_as_32844171.mp3	9360
common_voice_as_32850484.mp3	3996
common_voice_as_24178200.mp3	4788
common_voice_as_24178187.mp3	6696
common_voice_as_32862287.mp3	9180
common_voice_as_32843580.mp3	7128
common_voice_as_32843804.mp3	6480
common_voice_as_22076586.mp3	5904
common_voice_as_27196948.mp3	7164
common_voice_as_22155644.mp3	5808
common_voice_as_32850545.mp3	7308
common_voice_as_32844308.mp3	3528
common_voice_as_32866351.mp3	7380
common_voice_as_32546485.mp3	4608
common_voice_as_24196480.mp3	4716
common_voice_as_32852650.mp3	10260
common_voice_as_32546195.mp3	5328
common_voice_as_24917576.mp3	4860
common_voice_as_25101231.mp3	5400
common_voice_as_32844572.mp3	4608
common_voice_as_24201129.mp3	3780
common_voice_as_32852610.mp3	9036
common_voice_as_22152410.mp3	3456
common_voice_as_32862068.mp3	5256
common_voice_as_25114507.mp3	3456
common_voice_as_32850377.mp3	4860
common_voice_as_25093424.mp3	9000
common_voice_as_32869218.mp3	4896
common_voice_as_22191570.mp3	4344
common_voice_as_22080139.mp3	6144
common_voice_as_32546232.mp3	4068
common_voice_as_32841088.mp3	3780
common_voice_as_28665817.mp3	4500
common_voice_as_32850505.mp3	7776
